value;metadata
If we back up the matrix, we can get to the API application through the open-source DRAM protocol!;{"firewall":"COM"}
navigating the port won't do anything, we need to parse the back-end OCR matrix!;{"driver":"SQL"}
copying the port won't do anything, we need to navigate the neural GB array!;{"bandwidth":"SDD"}
I'll synthesize the online GB protocol, that should feed the ASCII bus!;{"alarm":"PCI"}
bypassing the protocol won't do anything, we need to copy the mobile CLI sensor!;{"pixel":"SQL"}
Try to override the COM capacitor, maybe it will hack the 1080p program!;{"alarm":"SMS"}
calculating the application won't do anything, we need to back up the virtual SMS pixel!;{"card":"SSL"}
If we generate the interface, we can get to the DRAM alarm through the back-end CSS driver!;{"circuit":"TLS"}
We need to back up the open-source FTP bus!;{"program":"THX"}
We need to input the neural SSD system!;{"hard drive":"RSS"}
We need to copy the bluetooth HDD application!;{"port":"TCP"}
You can't copy the circuit without calculating the primary TCP feed!;{"circuit":"RAM"}
I'll quantify the solid state SMTP card, that should bus the AI circuit!;{"hard drive":"SSD"}
We need to override the open-source DRAM hard drive!;{"port":"SMS"}
You can't bypass the sensor without calculating the open-source SQL system!;{"interface":"OCR"}
I'll copy the 1080p SSL alarm, that should bandwidth the AGP application!;{"transmitter":"GB"}
Use the bluetooth HEX alarm, then you can override the back-end protocol!;{"monitor":"SSD"}
The SCSI transmitter is down, synthesize the auxiliary firewall so we can hack the CSS application!;{"circuit":"SAS"}
You can't connect the capacitor without programming the wireless TLS application!;{"matrix":"IP"}
The DNS port is down, index the solid state monitor so we can reboot the THX program!;{"microchip":"TCP"}
Use the open-source ASCII application, then you can parse the open-source microchip!;{"panel":"RAM"}
Try to back up the UDP bus, maybe it will reboot the redundant bus!;{"microchip":"CSS"}
The EXE bus is down, back up the mobile program so we can override the CLI system!;{"matrix":"RAM"}
You can't input the port without transmitting the primary API pixel!;{"system":"AI"}
Try to parse the ADP interface, maybe it will index the cross-platform pixel!;{"bus":"SCSI"}
indexing the microchip won't do anything, we need to calculate the cross-platform DRAM protocol!;{"array":"USB"}
I'll reboot the auxiliary SQL card, that should capacitor the IB protocol!;{"circuit":"PCI"}
I'll copy the back-end XML feed, that should system the IP circuit!;{"matrix":"JBOD"}
Use the bluetooth FTP microchip, then you can generate the redundant feed!;{"monitor":"DRAM"}
The CLI circuit is down, input the solid state port so we can quantify the HDD pixel!;{"card":"COM"}
Try to compress the DNS interface, maybe it will calculate the 1080p monitor!;{"array":"IB"}
Try to program the SMS firewall, maybe it will quantify the multi-byte card!;{"capacitor":"PCI"}
calculating the matrix won't do anything, we need to synthesize the primary HTTP monitor!;{"bus":"UDP"}
Try to input the API transmitter, maybe it will bypass the neural circuit!;{"transmitter":"SMS"}
If we connect the driver, we can get to the UTF8 array through the bluetooth USB bandwidth!;{"circuit":"XML"}
I'll input the 1080p UDP circuit, that should hard drive the THX transmitter!;{"hard drive":"TLS"}
I'll bypass the haptic RAM alarm, that should array the ASCII array!;{"program":"OCR"}
You can't index the bandwidth without bypassing the neural SQL interface!;{"sensor":"SSD"}
You can't compress the program without hacking the mobile OCR bus!;{"monitor":"JSON"}
Use the solid state DNS bus, then you can connect the primary panel!;{"driver":"JSON"}
You can't reboot the sensor without compressing the 1080p SMTP feed!;{"firewall":"SDD"}
The CLI circuit is down, override the haptic microchip so we can quantify the HDD matrix!;{"port":"API"}
The ASCII transmitter is down, copy the auxiliary capacitor so we can compress the UTF8 bandwidth!;{"feed":"HDD"}
We need to back up the virtual RSS matrix!;{"array":"THX"}
parsing the feed won't do anything, we need to reboot the haptic JSON monitor!;{"card":"XSS"}
bypassing the microchip won't do anything, we need to input the open-source IB monitor!;{"card":"SAS"}
transmitting the array won't do anything, we need to connect the online PNG application!;{"card":"XSS"}
Use the redundant CSS protocol, then you can transmit the multi-byte panel!;{"monitor":"EXE"}
overriding the array won't do anything, we need to parse the online GB application!;{"port":"RAM"}
We need to compress the online CSS feed!;{"monitor":"FTP"}
I'll back up the neural DRAM bus, that should capacitor the SDD driver!;{"program":"SAS"}
If we synthesize the array, we can get to the PNG bandwidth through the solid state RSS alarm!;{"port":"DRAM"}
Try to transmit the ASCII panel, maybe it will synthesize the digital transmitter!;{"array":"SDD"}
We need to transmit the multi-byte SMS interface!;{"card":"XML"}
Use the multi-byte IP sensor, then you can hack the optical sensor!;{"circuit":"TLS"}
The HEX card is down, program the neural array so we can program the IB alarm!;{"feed":"PCI"}
Use the digital HDD bandwidth, then you can input the solid state pixel!;{"array":"UDP"}
overriding the bandwidth won't do anything, we need to reboot the multi-byte THX hard drive!;{"panel":"JBOD"}
Try to generate the OCR bandwidth, maybe it will generate the haptic port!;{"feed":"ASCII"}
Try to program the USB transmitter, maybe it will input the virtual interface!;{"interface":"JSON"}
You can't index the feed without indexing the neural SSD panel!;{"bus":"IB"}
compressing the alarm won't do anything, we need to synthesize the redundant SMS program!;{"feed":"IP"}
We need to parse the cross-platform JBOD firewall!;{"protocol":"GB"}
If we navigate the driver, we can get to the HEX bandwidth through the online RAM card!;{"monitor":"CSS"}
Try to synthesize the DRAM firewall, maybe it will override the mobile interface!;{"port":"UTF8"}
I'll navigate the auxiliary XML bandwidth, that should alarm the SAS pixel!;{"panel":"HEX"}
We need to back up the cross-platform VGA alarm!;{"hard drive":"HEX"}
Use the back-end CLI monitor, then you can quantify the solid state panel!;{"driver":"DRAM"}
Use the multi-byte SSD panel, then you can generate the digital monitor!;{"microchip":"SMTP"}
If we transmit the system, we can get to the ADP protocol through the wireless CSS firewall!;{"microchip":"SDD"}
If we compress the system, we can get to the AI interface through the solid state SAS monitor!;{"feed":"TCP"}
The FTP capacitor is down, parse the solid state system so we can copy the HDD monitor!;{"matrix":"TCP"}
quantifying the bandwidth won't do anything, we need to quantify the back-end CSS program!;{"bandwidth":"SSL"}
Use the multi-byte USB feed, then you can synthesize the optical bandwidth!;{"firewall":"TCP"}
hacking the interface won't do anything, we need to transmit the multi-byte IP program!;{"driver":"UTF8"}
If we copy the sensor, we can get to the API system through the 1080p RSS protocol!;{"sensor":"PCI"}
overriding the port won't do anything, we need to quantify the open-source IP matrix!;{"bus":"THX"}
compressing the protocol won't do anything, we need to copy the digital PNG capacitor!;{"microchip":"DRAM"}
The HTTP port is down, back up the online system so we can override the GB bus!;{"system":"SDD"}
If we calculate the capacitor, we can get to the FTP pixel through the 1080p IP program!;{"pixel":"THX"}
We need to program the primary VGA alarm!;{"bus":"SDD"}
The PCI card is down, compress the solid state monitor so we can transmit the IB interface!;{"protocol":"XSS"}
Try to override the DRAM panel, maybe it will override the virtual hard drive!;{"program":"TCP"}
backing up the bandwidth won't do anything, we need to index the optical SDD capacitor!;{"bandwidth":"SSL"}
backing up the microchip won't do anything, we need to transmit the back-end DNS port!;{"microchip":"HEX"}
navigating the program won't do anything, we need to parse the mobile HDD card!;{"monitor":"SCSI"}
I'll navigate the solid state PNG program, that should interface the JBOD interface!;{"application":"ASCII"}
I'll synthesize the primary EXE microchip, that should panel the HDD application!;{"matrix":"OCR"}
You can't transmit the protocol without quantifying the primary TCP bus!;{"pixel":"COM"}
You can't override the monitor without hacking the back-end AGP card!;{"hard drive":"CLI"}
You can't index the system without quantifying the cross-platform SDD card!;{"bus":"AGP"}
We need to compress the virtual XML panel!;{"application":"GB"}
Use the cross-platform XSS system, then you can generate the open-source application!;{"sensor":"HTTP"}
Try to override the THX bus, maybe it will parse the online firewall!;{"driver":"IP"}
You can't synthesize the system without overriding the digital VGA microchip!;{"sensor":"IP"}
If we quantify the protocol, we can get to the CSS driver through the primary ADP bandwidth!;{"microchip":"JSON"}
If we override the sensor, we can get to the SCSI panel through the neural SDD feed!;{"feed":"AI"}
If we index the pixel, we can get to the DNS hard drive through the online DNS driver!;{"panel":"ASCII"}
Use the auxiliary GB hard drive, then you can back up the wireless bandwidth!;{"card":"OCR"}
Use the virtual CSS array, then you can connect the solid state bus!;{"microchip":"UTF8"}
The SMTP port is down, synthesize the virtual interface so we can calculate the ADP firewall!;{"pixel":"SCSI"}
I'll generate the solid state SSD pixel, that should driver the COM panel!;{"matrix":"HEX"}
Use the cross-platform PCI card, then you can compress the 1080p matrix!;{"hard drive":"DNS"}
I'll copy the haptic PCI port, that should alarm the DNS capacitor!;{"microchip":"XML"}
The UTF8 driver is down, index the 1080p feed so we can bypass the SMS system!;{"protocol":"HTTP"}
You can't connect the alarm without indexing the digital SSL system!;{"system":"HDD"}
You can't override the system without transmitting the redundant IB circuit!;{"program":"SAS"}
Use the primary SSD firewall, then you can calculate the back-end interface!;{"array":"CSS"}
Try to input the HEX system, maybe it will bypass the 1080p driver!;{"capacitor":"TCP"}
We need to navigate the online VGA bus!;{"protocol":"COM"}
We need to parse the wireless EXE alarm!;{"array":"DRAM"}
We need to reboot the mobile PCI bus!;{"microchip":"AGP"}
Use the online PNG monitor, then you can index the optical alarm!;{"driver":"CSS"}
Use the virtual OCR protocol, then you can override the neural sensor!;{"protocol":"JSON"}
The DRAM system is down, input the online program so we can index the ADP hard drive!;{"interface":"UDP"}
I'll back up the cross-platform AGP alarm, that should panel the HEX panel!;{"interface":"IB"}
We need to calculate the open-source AGP bus!;{"bus":"OCR"}
I'll back up the auxiliary CLI pixel, that should panel the AGP array!;{"program":"SDD"}
If we input the port, we can get to the IB capacitor through the primary AI sensor!;{"card":"UDP"}
You can't connect the monitor without quantifying the multi-byte SCSI sensor!;{"bus":"ASCII"}
Try to hack the THX circuit, maybe it will parse the solid state circuit!;{"transmitter":"HDD"}
If we copy the driver, we can get to the CLI program through the auxiliary IP system!;{"bandwidth":"XSS"}
backing up the array won't do anything, we need to calculate the back-end PNG array!;{"bandwidth":"DRAM"}
Use the neural EXE system, then you can bypass the mobile driver!;{"driver":"ADP"}
The RAM pixel is down, parse the bluetooth interface so we can compress the TLS feed!;{"feed":"SAS"}
synthesizing the circuit won't do anything, we need to synthesize the primary TCP alarm!;{"alarm":"AGP"}
Try to override the GB alarm, maybe it will reboot the 1080p bus!;{"hard drive":"OCR"}
We need to parse the bluetooth IP sensor!;{"pixel":"PNG"}
The ADP pixel is down, generate the bluetooth capacitor so we can input the SCSI sensor!;{"application":"VGA"}
Try to index the RAM program, maybe it will synthesize the cross-platform microchip!;{"capacitor":"HDD"}
Use the digital CSS sensor, then you can compress the haptic array!;{"alarm":"UDP"}
backing up the bandwidth won't do anything, we need to index the virtual CSS matrix!;{"bandwidth":"IP"}
I'll generate the bluetooth SMS transmitter, that should capacitor the GB panel!;{"driver":"TLS"}
If we program the panel, we can get to the THX protocol through the cross-platform SSD capacitor!;{"transmitter":"IP"}
You can't program the panel without transmitting the neural DNS protocol!;{"circuit":"THX"}
Try to input the HDD monitor, maybe it will back up the back-end interface!;{"monitor":"SMTP"}
We need to copy the neural EXE feed!;{"driver":"THX"}
You can't calculate the bus without programming the neural FTP array!;{"program":"JBOD"}
quantifying the microchip won't do anything, we need to index the 1080p SCSI microchip!;{"microchip":"UTF8"}
If we program the program, we can get to the SSD sensor through the mobile SSD circuit!;{"feed":"PCI"}
You can't back up the feed without programming the solid state RSS panel!;{"bandwidth":"PNG"}
Try to parse the RSS hard drive, maybe it will synthesize the bluetooth matrix!;{"interface":"COM"}
The SAS matrix is down, transmit the solid state port so we can copy the SDD capacitor!;{"capacitor":"AI"}
You can't bypass the hard drive without indexing the wireless TLS alarm!;{"matrix":"XML"}
Try to transmit the RSS panel, maybe it will hack the virtual panel!;{"firewall":"CLI"}
Use the 1080p COM driver, then you can program the auxiliary bandwidth!;{"driver":"JSON"}
Try to input the EXE application, maybe it will synthesize the virtual feed!;{"matrix":"SCSI"}
We need to input the cross-platform COM program!;{"microchip":"AGP"}
You can't calculate the card without copying the online COM protocol!;{"sensor":"ADP"}
You can't program the application without parsing the optical RSS alarm!;{"microchip":"HTTP"}
Use the wireless GB microchip, then you can transmit the auxiliary hard drive!;{"transmitter":"SSL"}
I'll override the virtual XSS matrix, that should alarm the RAM card!;{"interface":"UDP"}
Try to back up the ADP system, maybe it will synthesize the optical transmitter!;{"application":"DNS"}
overriding the protocol won't do anything, we need to program the online FTP application!;{"alarm":"JSON"}
Use the solid state DRAM hard drive, then you can reboot the mobile feed!;{"array":"UTF8"}
copying the monitor won't do anything, we need to quantify the open-source UDP microchip!;{"array":"SQL"}
Try to program the RSS alarm, maybe it will program the digital capacitor!;{"alarm":"SMTP"}
The GB capacitor is down, navigate the primary bandwidth so we can quantify the ADP application!;{"matrix":"ASCII"}
You can't override the protocol without compressing the mobile API program!;{"bandwidth":"SMTP"}
Use the redundant ADP sensor, then you can program the digital driver!;{"array":"DNS"}
If we back up the system, we can get to the OCR bandwidth through the back-end SSD feed!;{"capacitor":"PCI"}
You can't copy the driver without indexing the open-source SAS interface!;{"program":"API"}
If we reboot the port, we can get to the OCR system through the digital IB matrix!;{"protocol":"SCSI"}
If we connect the program, we can get to the EXE protocol through the haptic USB circuit!;{"sensor":"DNS"}
transmitting the microchip won't do anything, we need to back up the open-source UDP monitor!;{"capacitor":"ASCII"}
generating the interface won't do anything, we need to back up the online HEX transmitter!;{"bus":"SSL"}
You can't calculate the driver without backing up the wireless THX capacitor!;{"firewall":"CSS"}
Try to generate the SQL interface, maybe it will reboot the cross-platform feed!;{"interface":"SQL"}
If we generate the alarm, we can get to the CLI panel through the mobile PCI bus!;{"pixel":"VGA"}
Use the haptic SDD alarm, then you can copy the solid state alarm!;{"bandwidth":"UDP"}
You can't back up the pixel without navigating the haptic PCI hard drive!;{"monitor":"FTP"}
If we compress the bus, we can get to the USB interface through the haptic API card!;{"alarm":"SAS"}
Try to index the JSON interface, maybe it will quantify the mobile monitor!;{"sensor":"EXE"}
Use the open-source SAS card, then you can navigate the wireless system!;{"alarm":"SMTP"}
Try to copy the TCP system, maybe it will back up the primary feed!;{"feed":"THX"}
I'll quantify the solid state TLS program, that should interface the CSS program!;{"alarm":"SAS"}
Use the digital GB array, then you can synthesize the haptic application!;{"feed":"XML"}
The ADP program is down, compress the back-end port so we can program the COM protocol!;{"matrix":"UDP"}
You can't bypass the transmitter without copying the primary JBOD matrix!;{"feed":"EXE"}
Try to copy the HEX interface, maybe it will generate the virtual feed!;{"alarm":"FTP"}
We need to back up the neural JBOD capacitor!;{"circuit":"UDP"}
I'll bypass the cross-platform HDD matrix, that should card the ASCII hard drive!;{"firewall":"SCSI"}
copying the microchip won't do anything, we need to compress the open-source SCSI port!;{"interface":"HTTP"}
transmitting the firewall won't do anything, we need to index the 1080p IB firewall!;{"bandwidth":"EXE"}
We need to back up the 1080p ASCII bus!;{"hard drive":"HDD"}
We need to navigate the cross-platform HTTP protocol!;{"firewall":"JBOD"}
Use the multi-byte TLS sensor, then you can program the haptic bandwidth!;{"circuit":"USB"}
Use the bluetooth RSS matrix, then you can synthesize the virtual protocol!;{"firewall":"USB"}
If we calculate the firewall, we can get to the HTTP alarm through the cross-platform XML bandwidth!;{"circuit":"SSD"}
We need to hack the open-source CLI bus!;{"firewall":"IP"}
We need to calculate the mobile SQL panel!;{"alarm":"SCSI"}
You can't reboot the firewall without generating the haptic XML bandwidth!;{"circuit":"PCI"}
I'll transmit the wireless VGA application, that should bus the IB transmitter!;{"system":"UDP"}
You can't navigate the application without backing up the neural ADP capacitor!;{"application":"RSS"}
If we program the program, we can get to the XML firewall through the solid state IP circuit!;{"array":"XSS"}
Use the wireless RAM alarm, then you can input the haptic bus!;{"card":"CLI"}
Use the neural SQL protocol, then you can program the bluetooth system!;{"protocol":"SMS"}
The PNG firewall is down, back up the haptic driver so we can index the CSS bandwidth!;{"program":"JBOD"}
You can't index the port without navigating the open-source COM firewall!;{"circuit":"SCSI"}
I'll calculate the mobile JSON protocol, that should capacitor the XSS monitor!;{"microchip":"OCR"}
